0d906318c6318c60f716464c6318c6318cf7bfcad6a3152b46318c6318c6,PackageRoyalty_claim_royalties,4214014
0d906318c6318c60f716464c6318c6318cf7bfcad6a3152b46318c6318c6,publish_wasm,11829559
0d906318c6318c60fcc6318c6318c6318cf53e3e2a94fa2aa6318c6318c6,contribute_multi_resource_pool,1931591
0d906318c6318c60fcc6318c6318c6318cf53e3e2a94fa2aa6318c6318c6,contribute_one_resource_pool,1479486
0d906318c6318c60fcc6318c6318c6318cf53e3e2a94fa2aa6318c6318c6,contribute_two_resource_pool,2320297
0d906318c6318c60fcc6318c6318c6318cf53e3e2a94fa2aa6318c6318c6,get_redemption_value_multi_resource_pool,1302858
0d906318c6318c60fcc6318c6318c6318cf53e3e2a94fa2aa6318c6318c6,get_redemption_value_one_resource_pool,1122238
0d906318c6318c60fcc6318c6318c6318cf53e3e2a94fa2aa6318c6318c6,get_redemption_value_two_resource_pool,1332125
0d906318c6318c60fcc6318c6318c6318cf53e3e2a94fa2aa6318c6318c6,get_vault_amount_one_resource_pool,1019713
0d906318c6318c60fcc6318c6318c6318cf53e3e2a94fa2aa6318c6318c6,get_vault_amounts_multi_resource_pool,1293516
0d906318c6318c60fcc6318c6318c6318cf53e3e2a94fa2aa6318c6318c6,get_vault_amounts_two_resource_pool,1978387
0d906318c6318c60fcc6318c6318c6318cf53e3e2a94fa2aa6318c6318c6,instantiate_multi_resource_pool,1881507
0d906318c6318c60fcc6318c6318c6318cf53e3e2a94fa2aa6318c6318c6,instantiate_one_resource_pool,1514172
0d906318c6318c60fcc6318c6318c6318cf53e3e2a94fa2aa6318c6318c6,instantiate_two_resource_pool,1760994
0d906318c6318c60fcc6318c6318c6318cf53e3e2a94fa2aa6318c6318c6,protected_deposit_multi_resource_pool,1364848
0d906318c6318c60fcc6318c6318c6318cf53e3e2a94fa2aa6318c6318c6,protected_deposit_one_resource_pool,1288699
0d906318c6318c60fcc6318c6318c6318cf53e3e2a94fa2aa6318c6318c6,protected_deposit_two_resource_pool,1407219
0d906318c6318c60fcc6318c6318c6318cf53e3e2a94fa2aa6318c6318c6,protected_withdraw_multi_resource_pool,1281985
0d906318c6318c60fcc6318c6318c6318cf53e3e2a94fa2aa6318c6318c6,protected_withdraw_one_resource_pool,1199738
0d906318c6318c60fcc6318c6318c6318cf53e3e2a94fa2aa6318c6318c6,protected_withdraw_two_resource_pool,1520058
0d906318c6318c60fcc6318c6318c6318cf53e3e2a94fa2aa6318c6318c6,redeem_multi_resource_pool,1686703
0d906318c6318c60fcc6318c6318c6318cf53e3e2a94fa2aa6318c6318c6,redeem_one_resource_pool,1433038
0d906318c6318c60fcc6318c6318c6318cf53e3e2a94fa2aa6318c6318c6,redeem_two_resource_pool,1727548
0d906318c6318c6193bf590c6318c6318cf7c4f52d3d189746318c6318c6,claim_royalties,1862454
0d906318c6318c6193bf590c6318c6318cf7c4f52d3d189746318c6318c6,create,282902
0d906318c6318c6193bf590c6318c6318cf7c4f52d3d189746318c6318c6,lock_royalty,1451307
0d906318c6318c6193bf590c6318c6318cf7c4f52d3d189746318c6318c6,set_royalty,1878063
0d906318c6318c61e603c64c6318c6318cf7be913d63aafbc6318c6318c6,AuthZone_clear,1029514
0d906318c6318c61e603c64c6318c6318cf7be913d63aafbc6318c6318c6,AuthZone_clear_signature_proofs,855889
0d906318c6318c61e603c64c6318c6318cf7be913d63aafbc6318c6318c6,AuthZone_create_proof,1286664
0d906318c6318c61e603c64c6318c6318cf7be913d63aafbc6318c6318c6,AuthZone_create_proof_of_all,1408960
0d906318c6318c61e603c64c6318c6318cf7be913d63aafbc6318c6318c6,AuthZone_create_proof_of_amount,1325142
0d906318c6318c61e603c64c6318c6318cf7be913d63aafbc6318c6318c6,AuthZone_create_proof_of_non_fungibles,1483316
0d906318c6318c61e603c64c6318c6318cf7be913d63aafbc6318c6318c6,AuthZone_drain,801688
0d906318c6318c61e603c64c6318c6318cf7be913d63aafbc6318c6318c6,AuthZone_pop,861322
0d906318c6318c61e603c64c6318c6318cf7be913d63aafbc6318c6318c6,AuthZone_push,1014431
0d906318c6318c61e603c64c6318c6318cf7be913d63aafbc6318c6318c6,NonFungibleProof_get_local_ids,740906
0d906318c6318c61e603c64c6318c6318cf7be913d63aafbc6318c6318c6,Worktop_assert_contains,967165
0d906318c6318c61e603c64c6318c6318cf7be913d63aafbc6318c6318c6,Worktop_assert_contains_amount,903808
0d906318c6318c61e603c64c6318c6318cf7be913d63aafbc6318c6318c6,Worktop_assert_contains_non_fungibles,977236
0d906318c6318c61e603c64c6318c6318cf7be913d63aafbc6318c6318c6,Worktop_drain,765869
0d906318c6318c61e603c64c6318c6318cf7be913d63aafbc6318c6318c6,Worktop_drop,556620
0d906318c6318c61e603c64c6318c6318cf7be913d63aafbc6318c6318c6,Worktop_put,829980
0d906318c6318c61e603c64c6318c6318cf7be913d63aafbc6318c6318c6,Worktop_take,302942
0d906318c6318c61e603c64c6318c6318cf7be913d63aafbc6318c6318c6,Worktop_take_all,448777
0d906318c6318c61e603c64c6318c6318cf7be913d63aafbc6318c6318c6,Worktop_take_non_fungibles,1039251
0d906318c6318c61e603c64c6318c6318cf7be913d63aafbc6318c6318c6,burn_FungibleResourceManager,2281310
0d906318c6318c61e603c64c6318c6318cf7be913d63aafbc6318c6318c6,burn_FungibleVault,2110660
0d906318c6318c61e603c64c6318c6318cf7be913d63aafbc6318c6318c6,burn_NonFungibleResourceManager,4039920
0d906318c6318c61e603c64c6318c6318cf7be913d63aafbc6318c6318c6,burn_NonFungibleVault,2814459
0d906318c6318c61e603c64c6318c6318cf7be913d63aafbc6318c6318c6,burn_non_fungibles,2815378
0d906318c6318c61e603c64c6318c6318cf7be913d63aafbc6318c6318c6,clone_FungibleProof,1224414
0d906318c6318c61e603c64c6318c6318cf7be913d63aafbc6318c6318c6,clone_NonFungibleProof,1153800
0d906318c6318c61e603c64c6318c6318cf7be913d63aafbc6318c6318c6,create_FungibleResourceManager,1358650
0d906318c6318c61e603c64c6318c6318cf7be913d63aafbc6318c6318c6,create_NonFungibleResourceManager,2029070
0d906318c6318c61e603c64c6318c6318cf7be913d63aafbc6318c6318c6,create_empty_bucket_FungibleResourceManager,524653
0d906318c6318c61e603c64c6318c6318cf7be913d63aafbc6318c6318c6,create_empty_bucket_NonFungibleResourceManager,2927290
0d906318c6318c61e603c64c6318c6318cf7be913d63aafbc6318c6318c6,create_empty_vault_FungibleResourceManager,795770
0d906318c6318c61e603c64c6318c6318cf7be913d63aafbc6318c6318c6,create_empty_vault_NonFungibleResourceManager,1840653
0d906318c6318c61e603c64c6318c6318cf7be913d63aafbc6318c6318c6,create_proof_FungibleBucket,1545293
0d906318c6318c61e603c64c6318c6318cf7be913d63aafbc6318c6318c6,create_proof_FungibleVault,1072398
0d906318c6318c61e603c64c6318c6318cf7be913d63aafbc6318c6318c6,create_proof_NonFungibleBucket,1500508
0d906318c6318c61e603c64c6318c6318cf7be913d63aafbc6318c6318c6,create_proof_NonFungibleVault,2442768
0d906318c6318c61e603c64c6318c6318cf7be913d63aafbc6318c6318c6,create_proof_of_all_FungibleBucket,1783906
0d906318c6318c61e603c64c6318c6318cf7be913d63aafbc6318c6318c6,create_proof_of_all_NonFungibleBucket,1757142
0d906318c6318c61e603c64c6318c6318cf7be913d63aafbc6318c6318c6,create_proof_of_amount_FungibleBucket,1662005
0d906318c6318c61e603c64c6318c6318cf7be913d63aafbc6318c6318c6,create_proof_of_amount_FungibleVault,1315035
0d906318c6318c61e603c64c6318c6318cf7be913d63aafbc6318c6318c6,create_proof_of_amount_NonFungibleBucket,1690316
0d906318c6318c61e603c64c6318c6318cf7be913d63aafbc6318c6318c6,create_proof_of_amount_NonFungibleVault,2535195
0d906318c6318c61e603c64c6318c6318cf7be913d63aafbc6318c6318c6,create_proof_of_non_fungibles,2530763
0d906318c6318c61e603c64c6318c6318cf7be913d63aafbc6318c6318c6,create_proof_of_non_fungibles_NonFungibleBucket,1499309
0d906318c6318c61e603c64c6318c6318cf7be913d63aafbc6318c6318c6,create_ruid_non_fungible_with_initial_supply,6664494
0d906318c6318c61e603c64c6318c6318cf7be913d63aafbc6318c6318c6,create_with_initial_supply_NonFungibleResourceManager,6345457
0d906318c6318c61e603c64c6318c6318cf7be913d63aafbc6318c6318c6,create_with_initial_supply_and_address_FungibleResourceManager,2349063
0d906318c6318c61e603c64c6318c6318cf7be913d63aafbc6318c6318c6,drop_FungibleProof,998914
0d906318c6318c61e603c64c6318c6318cf7be913d63aafbc6318c6318c6,drop_NonFungibleProof,1014708
0d906318c6318c61e603c64c6318c6318cf7be913d63aafbc6318c6318c6,drop_empty_bucket_FungibleResourceManager,512553
0d906318c6318c61e603c64c6318c6318cf7be913d63aafbc6318c6318c6,drop_empty_bucket_NonFungibleResourceManager,1582434
0d906318c6318c61e603c64c6318c6318cf7be913d63aafbc6318c6318c6,freeze_FungibleVault,1121891
0d906318c6318c61e603c64c6318c6318cf7be913d63aafbc6318c6318c6,freeze_NonFungibleVault,1857842
0d906318c6318c61e603c64c6318c6318cf7be913d63aafbc6318c6318c6,get_amount_FungibleBucket,253427
0d906318c6318c61e603c64c6318c6318cf7be913d63aafbc6318c6318c6,get_amount_FungibleProof,819325
0d906318c6318c61e603c64c6318c6318cf7be913d63aafbc6318c6318c6,get_amount_FungibleVault,341156
0d906318c6318c61e603c64c6318c6318cf7be913d63aafbc6318c6318c6,get_amount_NonFungibleBucket,1022199
0d906318c6318c61e603c64c6318c6318cf7be913d63aafbc6318c6318c6,get_amount_NonFungibleProof,825760
0d906318c6318c61e603c64c6318c6318cf7be913d63aafbc6318c6318c6,get_amount_NonFungibleVault,1027707
0d906318c6318c61e603c64c6318c6318cf7be913d63aafbc6318c6318c6,get_non_fungible,1871244
0d906318c6318c61e603c64c6318c6318cf7be913d63aafbc6318c6318c6,get_non_fungible_local_ids,956550
0d906318c6318c61e603c64c6318c6318cf7be913d63aafbc6318c6318c6,get_non_fungible_local_ids_NonFungibleBucket,269696
0d906318c6318c61e603c64c6318c6318cf7be913d63aafbc6318c6318c6,get_resource_address_FungibleBucket,194131
0d906318c6318c61e603c64c6318c6318cf7be913d63aafbc6318c6318c6,get_resource_address_FungibleProof,406835
0d906318c6318c61e603c64c6318c6318cf7be913d63aafbc6318c6318c6,get_resource_address_NonFungibleBucket,853081
0d906318c6318c61e603c64c6318c6318cf7be913d63aafbc6318c6318c6,get_resource_address_NonFungibleProof,789017
0d906318c6318c61e603c64c6318c6318cf7be913d63aafbc6318c6318c6,get_resource_type_FungibleResourceManager,710633
0d906318c6318c61e603c64c6318c6318cf7be913d63aafbc6318c6318c6,get_resource_type_NonFungibleResourceManager,2702001
0d906318c6318c61e603c64c6318c6318cf7be913d63aafbc6318c6318c6,get_total_supply_FungibleResourceManager,551305
0d906318c6318c61e603c64c6318c6318cf7be913d63aafbc6318c6318c6,get_total_supply_NonFungibleResourceManager,1692430
0d906318c6318c61e603c64c6318c6318cf7be913d63aafbc6318c6318c6,lock_amount_FungibleBucket,1004894
0d906318c6318c61e603c64c6318c6318cf7be913d63aafbc6318c6318c6,lock_amount_FungibleVault,1091692
0d906318c6318c61e603c64c6318c6318cf7be913d63aafbc6318c6318c6,lock_fee,2098926
0d906318c6318c61e603c64c6318c6318cf7be913d63aafbc6318c6318c6,mint_FungibleResourceManager,1010066
0d906318c6318c61e603c64c6318c6318cf7be913d63aafbc6318c6318c6,mint_NonFungibleResourceManager,2275141
0d906318c6318c61e603c64c6318c6318cf7be913d63aafbc6318c6318c6,mint_ruid_NonFungibleResourceManager,5590712
0d906318c6318c61e603c64c6318c6318cf7be913d63aafbc6318c6318c6,mint_single_ruid,5599021
0d906318c6318c61e603c64c6318c6318cf7be913d63aafbc6318c6318c6,non_fungible_exists,1843105
0d906318c6318c61e603c64c6318c6318cf7be913d63aafbc6318c6318c6,package_burn_FungibleResourceManager,2759916
0d906318c6318c61e603c64c6318c6318cf7be913d63aafbc6318c6318c6,package_burn_NonFungibleResourceManager,4981846
0d906318c6318c61e603c64c6318c6318cf7be913d63aafbc6318c6318c6,put_FungibleBucket,1008540
0d906318c6318c61e603c64c6318c6318cf7be913d63aafbc6318c6318c6,put_FungibleVault,726174
0d906318c6318c61e603c64c6318c6318cf7be913d63aafbc6318c6318c6,put_NonFungibleBucket,1044147
0d906318c6318c61e603c64c6318c6318cf7be913d63aafbc6318c6318c6,put_NonFungibleVault,588122
0d906318c6318c61e603c64c6318c6318cf7be913d63aafbc6318c6318c6,recall_FungibleVault,1906916
0d906318c6318c61e603c64c6318c6318cf7be913d63aafbc6318c6318c6,recall_NonFungibleVault,1877610
0d906318c6318c61e603c64c6318c6318cf7be913d63aafbc6318c6318c6,recall_non_fungibles,2751006
0d906318c6318c61e603c64c6318c6318cf7be913d63aafbc6318c6318c6,take_FungibleBucket,536094
0d906318c6318c61e603c64c6318c6318cf7be913d63aafbc6318c6318c6,take_FungibleVault,1818697
0d906318c6318c61e603c64c6318c6318cf7be913d63aafbc6318c6318c6,take_NonFungibleBucket,1131635
0d906318c6318c61e603c64c6318c6318cf7be913d63aafbc6318c6318c6,take_NonFungibleVault,2658729
0d906318c6318c61e603c64c6318c6318cf7be913d63aafbc6318c6318c6,take_non_fungibles,2646706
0d906318c6318c61e603c64c6318c6318cf7be913d63aafbc6318c6318c6,take_non_fungibles_NonFungibleBucket,1213481
0d906318c6318c61e603c64c6318c6318cf7be913d63aafbc6318c6318c6,unfreeze_FungibleVault,1123103
0d906318c6318c61e603c64c6318c6318cf7be913d63aafbc6318c6318c6,unfreeze_NonFungibleVault,1858765
0d906318c6318c61e603c64c6318c6318cf7be913d63aafbc6318c6318c6,unlock_amount_FungibleBucket,1050626
0d906318c6318c61e603c64c6318c6318cf7be913d63aafbc6318c6318c6,unlock_amount_FungibleVault,800937
0d906318c6318c61e603c64c6318c6318cf7be913d63aafbc6318c6318c6,unlock_fungibles_NonFungibleBucket,1098157
0d906318c6318c61e603c64c6318c6318cf7be913d63aafbc6318c6318c6,unlock_fungibles_NonFungibleVault,1381089
0d906318c6318c61e603c64c6318c6318cf7be913d63aafbc6318c6318c6,unlock_non_fungibles_NonFungibleBucket,1098672
0d906318c6318c61e603c64c6318c6318cf7be913d63aafbc6318c6318c6,unlock_non_fungibles_NonFungibleVault,1419142
0d906318c6318c61e603c64c6318c6318cf7be913d63aafbc6318c6318c6,update_non_fungible_data,2336593
0d906318c6318c659963ed8c6318c6318cf7be85a17d48bca6318c6318c6,create,1938804
0d906318c6318c659a6130cc6318c6318cf7a8ba5295eabf46318c6318c6,run,1059358
0d906318c6318c66cd64318c6318c6318cf79e9a7f8f179ca6318c6318c6,create,2167002
0d906318c6318c66cd64318c6318c6318cf79e9a7f8f179ca6318c6318c6,create_advanced,2037292
0d906318c6318c66cd64318c6318c6318cf79e9a7f8f179ca6318c6318c6,create_virtual_secp256k1,850409
0d906318c6318c66cd64318c6318c6318cf79e9a7f8f179ca6318c6318c6,securify,1553736
0d906318c6318c6c4d63f8cc6318c6318cf7bf553d3ca51686318c6318c6,cancel_primary_role_badge_withdraw_attempt,1949475
0d906318c6318c6c4d63f8cc6318c6318cf7bf553d3ca51686318c6318c6,cancel_primary_role_recovery_proposal,1959124
0d906318c6318c6c4d63f8cc6318c6318cf7bf553d3ca51686318c6318c6,cancel_recovery_role_badge_withdraw_attempt,1952092
0d906318c6318c6c4d63f8cc6318c6318cf7bf553d3ca51686318c6318c6,cancel_recovery_role_recovery_proposal,1885660
0d906318c6318c6c4d63f8cc6318c6318cf7bf553d3ca51686318c6318c6,create_global,2277427
0d906318c6318c6c4d63f8cc6318c6318cf7bf553d3ca51686318c6318c6,create_proof,1744620
0d906318c6318c6c4d63f8cc6318c6318cf7bf553d3ca51686318c6318c6,initiate_badge_withdraw_attempt_as_primary,1949372
0d906318c6318c6c4d63f8cc6318c6318cf7bf553d3ca51686318c6318c6,initiate_badge_withdraw_attempt_as_recovery,1875549
0d906318c6318c6c4d63f8cc6318c6318cf7bf553d3ca51686318c6318c6,initiate_recovery_as_primary,2021796
0d906318c6318c6c4d63f8cc6318c6318cf7bf553d3ca51686318c6318c6,initiate_recovery_as_recovery,1987254
0d906318c6318c6c4d63f8cc6318c6318cf7bf553d3ca51686318c6318c6,lock_primary_role,1867838
0d906318c6318c6c4d63f8cc6318c6318cf7bf553d3ca51686318c6318c6,mint_recovery_badges,1779010
0d906318c6318c6c4d63f8cc6318c6318cf7bf553d3ca51686318c6318c6,quick_confirm_primary_role_badge_withdraw_attempt,2189229
0d906318c6318c6c4d63f8cc6318c6318cf7bf553d3ca51686318c6318c6,quick_confirm_primary_role_recovery_proposal,2091030
0d906318c6318c6c4d63f8cc6318c6318cf7bf553d3ca51686318c6318c6,quick_confirm_recovery_role_badge_withdraw_attempt,2123349
0d906318c6318c6c4d63f8cc6318c6318cf7bf553d3ca51686318c6318c6,quick_confirm_recovery_role_recovery_proposal,2104923
0d906318c6318c6c4d63f8cc6318c6318cf7bf553d3ca51686318c6318c6,stop_timed_recovery,2063756
0d906318c6318c6c4d63f8cc6318c6318cf7bf553d3ca51686318c6318c6,timed_confirm_recovery,2035582
0d906318c6318c6c4d63f8cc6318c6318cf7bf553d3ca51686318c6318c6,unlock_primary_role,1890792
0d906318c6318c6c4e1b40cc6318c6318cf7bfd5d45f48c686318c6318c6,accepts_delegated_stake,335730
0d906318c6318c6c4e1b40cc6318c6318cf7bfd5d45f48c686318c6318c6,apply_emission,2331143
0d906318c6318c6c4e1b40cc6318c6318cf7bfd5d45f48c686318c6318c6,apply_reward,2031079
0d906318c6318c6c4e1b40cc6318c6318cf7bfd5d45f48c686318c6318c6,claim_xrd,3034952
0d906318c6318c6c4e1b40cc6318c6318cf7bfd5d45f48c686318c6318c6,compare_current_time,980516
0d906318c6318c6c4e1b40cc6318c6318cf7bfd5d45f48c686318c6318c6,create,1447828
0d906318c6318c6c4e1b40cc6318c6318cf7bfd5d45f48c686318c6318c6,create_validator,1678871
0d906318c6318c6c4e1b40cc6318c6318cf7bfd5d45f48c686318c6318c6,finish_unlock_owner_stake_units,3191443
0d906318c6318c6c4e1b40cc6318c6318cf7bfd5d45f48c686318c6318c6,get_current_epoch,297796
0d906318c6318c6c4e1b40cc6318c6318cf7bfd5d45f48c686318c6318c6,get_current_time,1051011
0d906318c6318c6c4e1b40cc6318c6318cf7bfd5d45f48c686318c6318c6,lock_owner_stake_units,2564189
0d906318c6318c6c4e1b40cc6318c6318cf7bfd5d45f48c686318c6318c6,next_round,3279336
0d906318c6318c6c4e1b40cc6318c6318cf7bfd5d45f48c686318c6318c6,register,611657
0d906318c6318c6c4e1b40cc6318c6318cf7bfd5d45f48c686318c6318c6,signal_protocol_update_readiness,2486576
0d906318c6318c6c4e1b40cc6318c6318cf7bfd5d45f48c686318c6318c6,stake,1114404
0d906318c6318c6c4e1b40cc6318c6318cf7bfd5d45f48c686318c6318c6,stake_as_owner,3386768
0d906318c6318c6c4e1b40cc6318c6318cf7bfd5d45f48c686318c6318c6,start,1361034
0d906318c6318c6c4e1b40cc6318c6318cf7bfd5d45f48c686318c6318c6,start_unlock_owner_stake_units,3319431
0d906318c6318c6c4e1b40cc6318c6318cf7bfd5d45f48c686318c6318c6,unregister,3090565
0d906318c6318c6c4e1b40cc6318c6318cf7bfd5d45f48c686318c6318c6,unstake,3839267
0d906318c6318c6c4e1b40cc6318c6318cf7bfd5d45f48c686318c6318c6,update_accept_delegated_stake,561840
0d906318c6318c6c4e1b40cc6318c6318cf7bfd5d45f48c686318c6318c6,update_fee,3048714
0d906318c6318c6c4e1b40cc6318c6318cf7bfd5d45f48c686318c6318c6,update_key,2951616
0d906318c6318c6dadbd5f4c6318c6318cf7d155d53de568a6318c6318c6,create,318342
0d906318c6318c6dadbd5f4c6318c6318cf7d155d53de568a6318c6318c6,create_with_data,905702
0d906318c6318c6dadbd5f4c6318c6318cf7d155d53de568a6318c6318c6,get,1008852
0d906318c6318c6dadbd5f4c6318c6318cf7d155d53de568a6318c6318c6,lock,1811324
0d906318c6318c6dadbd5f4c6318c6318cf7d155d53de568a6318c6318c6,remove,1982369
0d906318c6318c6dadbd5f4c6318c6318cf7d155d53de568a6318c6318c6,set,576216
0d906318c6318c6e8f9fcc0c6318c6318cf7aa2fad74a29e26318c6318c6,create,1554060
0d906318c6318c6e8f9fcc0c6318c6318cf7aa2fad74a29e26318c6318c6,get_role,1613912
0d906318c6318c6e8f9fcc0c6318c6318cf7aa2fad74a29e26318c6318c6,lock_owner_role,1645070
0d906318c6318c6e8f9fcc0c6318c6318cf7aa2fad74a29e26318c6318c6,lock_role,2092652
0d906318c6318c6e8f9fcc0c6318c6318cf7aa2fad74a29e26318c6318c6,set_and_lock_role,1361527
0d906318c6318c6e8f9fcc0c6318c6318cf7aa2fad74a29e26318c6318c6,set_owner_role,1260144
0d906318c6318c6e8f9fcc0c6318c6318cf7aa2fad74a29e26318c6318c6,set_role,1796577
0d906318c6318c6ee313598c6318c6318cf7bcaa2e954a9626318c6318c6,burn,2584356
0d906318c6318c6ee313598c6318c6318cf7bcaa2e954a9626318c6318c6,burn_non_fungibles,2598253
0d906318c6318c6ee313598c6318c6318cf7bcaa2e954a9626318c6318c6,change_account_default_deposit_rule,1572784
0d906318c6318c6ee313598c6318c6318cf7bcaa2e954a9626318c6318c6,configure_resource_deposit_rule,1723572
0d906318c6318c6ee313598c6318c6318cf7bcaa2e954a9626318c6318c6,create,2983021
0d906318c6318c6ee313598c6318c6318cf7bcaa2e954a9626318c6318c6,create_advanced,2782182
0d906318c6318c6ee313598c6318c6318cf7bcaa2e954a9626318c6318c6,create_proof,1737932
0d906318c6318c6ee313598c6318c6318cf7bcaa2e954a9626318c6318c6,create_proof_of_amount,1655190
0d906318c6318c6ee313598c6318c6318cf7bcaa2e954a9626318c6318c6,create_proof_of_non_fungibles,1701326
0d906318c6318c6ee313598c6318c6318cf7bcaa2e954a9626318c6318c6,create_virtual_ed25519,839897
0d906318c6318c6ee313598c6318c6318cf7bcaa2e954a9626318c6318c6,create_virtual_secp256k1,845820
0d906318c6318c6ee313598c6318c6318cf7bcaa2e954a9626318c6318c6,deposit,755415
0d906318c6318c6ee313598c6318c6318cf7bcaa2e954a9626318c6318c6,deposit_batch,1782876
0d906318c6318c6ee313598c6318c6318cf7bcaa2e954a9626318c6318c6,lock_contingent_fee,1514570
0d906318c6318c6ee313598c6318c6318cf7bcaa2e954a9626318c6318c6,lock_fee,2379164
0d906318c6318c6ee313598c6318c6318cf7bcaa2e954a9626318c6318c6,lock_fee_and_withdraw,2796309
0d906318c6318c6ee313598c6318c6318cf7bcaa2e954a9626318c6318c6,lock_fee_and_withdraw_non_fungibles,2944467
0d906318c6318c6ee313598c6318c6318cf7bcaa2e954a9626318c6318c6,securify,2339135
0d906318c6318c6ee313598c6318c6318cf7bcaa2e954a9626318c6318c6,try_deposit_batch_or_abort,2166028
0d906318c6318c6ee313598c6318c6318cf7bcaa2e954a9626318c6318c6,try_deposit_batch_or_refund,1955122
0d906318c6318c6ee313598c6318c6318cf7bcaa2e954a9626318c6318c6,try_deposit_or_abort,2081791
0d906318c6318c6ee313598c6318c6318cf7bcaa2e954a9626318c6318c6,try_deposit_or_refund,1958291
0d906318c6318c6ee313598c6318c6318cf7bcaa2e954a9626318c6318c6,withdraw,1617192
0d906318c6318c6ee313598c6318c6318cf7bcaa2e954a9626318c6318c6,withdraw_non_fungibles,2650689
