0d906318c6318c60f716464c6318c6318cf7bfcad6a3152b46318c6318c6,PackageRoyalty_claim_royalties,3839799
0d906318c6318c60f716464c6318c6318cf7bfcad6a3152b46318c6318c6,publish_wasm,350095960
0d906318c6318c60fcc6318c6318c6318cf53e3e2a94fa2aa6318c6318c6,contribute_multi_resource_pool,4338285
0d906318c6318c60fcc6318c6318c6318cf53e3e2a94fa2aa6318c6318c6,contribute_one_resource_pool,3144171
0d906318c6318c60fcc6318c6318c6318cf53e3e2a94fa2aa6318c6318c6,contribute_two_resource_pool,6695191
0d906318c6318c60fcc6318c6318c6318cf53e3e2a94fa2aa6318c6318c6,get_redemption_value_multi_resource_pool,2743200
0d906318c6318c60fcc6318c6318c6318cf53e3e2a94fa2aa6318c6318c6,get_redemption_value_one_resource_pool,2021480
0d906318c6318c60fcc6318c6318c6318cf53e3e2a94fa2aa6318c6318c6,get_redemption_value_two_resource_pool,2784594
0d906318c6318c60fcc6318c6318c6318cf53e3e2a94fa2aa6318c6318c6,get_vault_amount_one_resource_pool,1247406
0d906318c6318c60fcc6318c6318c6318cf53e3e2a94fa2aa6318c6318c6,get_vault_amounts_multi_resource_pool,2129756
0d906318c6318c60fcc6318c6318c6318cf53e3e2a94fa2aa6318c6318c6,get_vault_amounts_two_resource_pool,1599628
0d906318c6318c60fcc6318c6318c6318cf53e3e2a94fa2aa6318c6318c6,instantiate_multi_resource_pool,4513775
0d906318c6318c60fcc6318c6318c6318cf53e3e2a94fa2aa6318c6318c6,instantiate_one_resource_pool,3039117
0d906318c6318c60fcc6318c6318c6318cf53e3e2a94fa2aa6318c6318c6,instantiate_two_resource_pool,3829745
0d906318c6318c60fcc6318c6318c6318cf53e3e2a94fa2aa6318c6318c6,protected_deposit_multi_resource_pool,1849412
0d906318c6318c60fcc6318c6318c6318cf53e3e2a94fa2aa6318c6318c6,protected_deposit_one_resource_pool,1768980
0d906318c6318c60fcc6318c6318c6318cf53e3e2a94fa2aa6318c6318c6,protected_deposit_two_resource_pool,1894430
0d906318c6318c60fcc6318c6318c6318cf53e3e2a94fa2aa6318c6318c6,protected_withdraw_multi_resource_pool,1895484
0d906318c6318c60fcc6318c6318c6318cf53e3e2a94fa2aa6318c6318c6,protected_withdraw_one_resource_pool,1806446
0d906318c6318c60fcc6318c6318c6318cf53e3e2a94fa2aa6318c6318c6,protected_withdraw_two_resource_pool,1320816
0d906318c6318c60fcc6318c6318c6318cf53e3e2a94fa2aa6318c6318c6,redeem_multi_resource_pool,4540348
0d906318c6318c60fcc6318c6318c6318cf53e3e2a94fa2aa6318c6318c6,redeem_one_resource_pool,3349614
0d906318c6318c60fcc6318c6318c6318cf53e3e2a94fa2aa6318c6318c6,redeem_two_resource_pool,4602696
0d906318c6318c6193bf590c6318c6318cf7c4f52d3d189746318c6318c6,claim_royalties,1238332
0d906318c6318c6193bf590c6318c6318cf7c4f52d3d189746318c6318c6,create,914587
0d906318c6318c6193bf590c6318c6318cf7c4f52d3d189746318c6318c6,lock_royalty,555364
0d906318c6318c6193bf590c6318c6318cf7c4f52d3d189746318c6318c6,set_royalty,580866
0d906318c6318c61e603c64c6318c6318cf7be913d63aafbc6318c6318c6,AuthZone_assert_access_rule,448942
0d906318c6318c61e603c64c6318c6318cf7be913d63aafbc6318c6318c6,AuthZone_create_proof_of_all,1497344
0d906318c6318c61e603c64c6318c6318cf7be913d63aafbc6318c6318c6,AuthZone_create_proof_of_amount,1448421
0d906318c6318c61e603c64c6318c6318cf7be913d63aafbc6318c6318c6,AuthZone_create_proof_of_non_fungibles,1521259
0d906318c6318c61e603c64c6318c6318cf7be913d63aafbc6318c6318c6,AuthZone_drain,487568
0d906318c6318c61e603c64c6318c6318cf7be913d63aafbc6318c6318c6,AuthZone_drop_proofs,832384
0d906318c6318c61e603c64c6318c6318cf7be913d63aafbc6318c6318c6,AuthZone_drop_regular_proofs,797267
0d906318c6318c61e603c64c6318c6318cf7be913d63aafbc6318c6318c6,AuthZone_drop_signature_proofs,489858
0d906318c6318c61e603c64c6318c6318cf7be913d63aafbc6318c6318c6,AuthZone_pop,572845
0d906318c6318c61e603c64c6318c6318cf7be913d63aafbc6318c6318c6,AuthZone_push,810902
0d906318c6318c61e603c64c6318c6318cf7be913d63aafbc6318c6318c6,NonFungibleProof_get_local_ids,316483
0d906318c6318c61e603c64c6318c6318cf7be913d63aafbc6318c6318c6,Worktop_assert_contains,638593
0d906318c6318c61e603c64c6318c6318cf7be913d63aafbc6318c6318c6,Worktop_assert_contains_amount,630673
0d906318c6318c61e603c64c6318c6318cf7be913d63aafbc6318c6318c6,Worktop_assert_contains_non_fungibles,648459
0d906318c6318c61e603c64c6318c6318cf7be913d63aafbc6318c6318c6,Worktop_assert_resources_include,650000
0d906318c6318c61e603c64c6318c6318cf7be913d63aafbc6318c6318c6,Worktop_assert_resources_only,650000
0d906318c6318c61e603c64c6318c6318cf7be913d63aafbc6318c6318c6,Worktop_drain,381616
0d906318c6318c61e603c64c6318c6318cf7be913d63aafbc6318c6318c6,Worktop_drop,609229
0d906318c6318c61e603c64c6318c6318cf7be913d63aafbc6318c6318c6,Worktop_put,987125
0d906318c6318c61e603c64c6318c6318cf7be913d63aafbc6318c6318c6,Worktop_take,610859
0d906318c6318c61e603c64c6318c6318cf7be913d63aafbc6318c6318c6,Worktop_take_all,496495
0d906318c6318c61e603c64c6318c6318cf7be913d63aafbc6318c6318c6,Worktop_take_non_fungibles,765794
0d906318c6318c61e603c64c6318c6318cf7be913d63aafbc6318c6318c6,amount_for_withdrawal_FungibleResourceManager,690736
0d906318c6318c61e603c64c6318c6318cf7be913d63aafbc6318c6318c6,amount_for_withdrawal_NonFungibleResourceManager,1090390
0d906318c6318c61e603c64c6318c6318cf7be913d63aafbc6318c6318c6,burn_FungibleResourceManager,1562979
0d906318c6318c61e603c64c6318c6318cf7be913d63aafbc6318c6318c6,burn_FungibleVault,2220012
0d906318c6318c61e603c64c6318c6318cf7be913d63aafbc6318c6318c6,burn_NonFungibleResourceManager,3011782
0d906318c6318c61e603c64c6318c6318cf7be913d63aafbc6318c6318c6,burn_NonFungibleVault,2991698
0d906318c6318c61e603c64c6318c6318cf7be913d63aafbc6318c6318c6,burn_non_fungibles,2990301
0d906318c6318c61e603c64c6318c6318cf7be913d63aafbc6318c6318c6,clone_FungibleProof,902843
0d906318c6318c61e603c64c6318c6318cf7be913d63aafbc6318c6318c6,clone_NonFungibleProof,948292
0d906318c6318c61e603c64c6318c6318cf7be913d63aafbc6318c6318c6,contains_non_fungible,611859
0d906318c6318c61e603c64c6318c6318cf7be913d63aafbc6318c6318c6,contains_non_fungible_NonFungibleBucket,393914
0d906318c6318c61e603c64c6318c6318cf7be913d63aafbc6318c6318c6,create_FungibleResourceManager,2022786
0d906318c6318c61e603c64c6318c6318cf7be913d63aafbc6318c6318c6,create_NonFungibleResourceManager,3021115
0d906318c6318c61e603c64c6318c6318cf7be913d63aafbc6318c6318c6,create_empty_bucket_FungibleResourceManager,808934
0d906318c6318c61e603c64c6318c6318cf7be913d63aafbc6318c6318c6,create_empty_bucket_NonFungibleResourceManager,2657924
0d906318c6318c61e603c64c6318c6318cf7be913d63aafbc6318c6318c6,create_empty_vault_FungibleResourceManager,1209382
0d906318c6318c61e603c64c6318c6318cf7be913d63aafbc6318c6318c6,create_empty_vault_NonFungibleResourceManager,2515726
0d906318c6318c61e603c64c6318c6318cf7be913d63aafbc6318c6318c6,create_proof_of_all_FungibleBucket,1196095
0d906318c6318c61e603c64c6318c6318cf7be913d63aafbc6318c6318c6,create_proof_of_all_NonFungibleBucket,1203511
0d906318c6318c61e603c64c6318c6318cf7be913d63aafbc6318c6318c6,create_proof_of_amount_FungibleBucket,1063379
0d906318c6318c61e603c64c6318c6318cf7be913d63aafbc6318c6318c6,create_proof_of_amount_FungibleVault,1295094
0d906318c6318c61e603c64c6318c6318cf7be913d63aafbc6318c6318c6,create_proof_of_non_fungibles,2014120
0d906318c6318c61e603c64c6318c6318cf7be913d63aafbc6318c6318c6,create_proof_of_non_fungibles_NonFungibleBucket,1081435
0d906318c6318c61e603c64c6318c6318cf7be913d63aafbc6318c6318c6,create_ruid_non_fungible_with_initial_supply,6863148
0d906318c6318c61e603c64c6318c6318cf7be913d63aafbc6318c6318c6,create_with_initial_supply_NonFungibleResourceManager,7336524
0d906318c6318c61e603c64c6318c6318cf7be913d63aafbc6318c6318c6,create_with_initial_supply_and_address_FungibleResourceManager,3640265
0d906318c6318c61e603c64c6318c6318cf7be913d63aafbc6318c6318c6,drop_FungibleProof,331333
0d906318c6318c61e603c64c6318c6318cf7be913d63aafbc6318c6318c6,drop_NonFungibleProof,344156
0d906318c6318c61e603c64c6318c6318cf7be913d63aafbc6318c6318c6,drop_empty_bucket_FungibleResourceManager,695952
0d906318c6318c61e603c64c6318c6318cf7be913d63aafbc6318c6318c6,drop_empty_bucket_NonFungibleResourceManager,1240069
0d906318c6318c61e603c64c6318c6318cf7be913d63aafbc6318c6318c6,freeze_FungibleVault,649071
0d906318c6318c61e603c64c6318c6318cf7be913d63aafbc6318c6318c6,freeze_NonFungibleVault,1240866
0d906318c6318c61e603c64c6318c6318cf7be913d63aafbc6318c6318c6,get_amount_FungibleBucket,374566
0d906318c6318c61e603c64c6318c6318cf7be913d63aafbc6318c6318c6,get_amount_FungibleProof,303138
0d906318c6318c61e603c64c6318c6318cf7be913d63aafbc6318c6318c6,get_amount_FungibleVault,491354
0d906318c6318c61e603c64c6318c6318cf7be913d63aafbc6318c6318c6,get_amount_NonFungibleBucket,461767
0d906318c6318c61e603c64c6318c6318cf7be913d63aafbc6318c6318c6,get_amount_NonFungibleProof,311763
0d906318c6318c61e603c64c6318c6318cf7be913d63aafbc6318c6318c6,get_amount_NonFungibleVault,585984
0d906318c6318c61e603c64c6318c6318cf7be913d63aafbc6318c6318c6,get_non_fungible,1614860
0d906318c6318c61e603c64c6318c6318cf7be913d63aafbc6318c6318c6,get_non_fungible_local_ids,602968
0d906318c6318c61e603c64c6318c6318cf7be913d63aafbc6318c6318c6,get_non_fungible_local_ids_NonFungibleBucket,406072
0d906318c6318c61e603c64c6318c6318cf7be913d63aafbc6318c6318c6,get_resource_address_FungibleBucket,302059
0d906318c6318c61e603c64c6318c6318cf7be913d63aafbc6318c6318c6,get_resource_address_FungibleProof,300138
0d906318c6318c61e603c64c6318c6318cf7be913d63aafbc6318c6318c6,get_resource_address_NonFungibleBucket,391522
0d906318c6318c61e603c64c6318c6318cf7be913d63aafbc6318c6318c6,get_resource_address_NonFungibleProof,303857
0d906318c6318c61e603c64c6318c6318cf7be913d63aafbc6318c6318c6,get_resource_type_FungibleResourceManager,697432
0d906318c6318c61e603c64c6318c6318cf7be913d63aafbc6318c6318c6,get_resource_type_NonFungibleResourceManager,2868109
0d906318c6318c61e603c64c6318c6318cf7be913d63aafbc6318c6318c6,get_total_supply_FungibleResourceManager,612968
0d906318c6318c61e603c64c6318c6318cf7be913d63aafbc6318c6318c6,get_total_supply_NonFungibleResourceManager,1233164
0d906318c6318c61e603c64c6318c6318cf7be913d63aafbc6318c6318c6,lock_amount_FungibleBucket,430462
0d906318c6318c61e603c64c6318c6318cf7be913d63aafbc6318c6318c6,lock_amount_FungibleVault,593045
0d906318c6318c61e603c64c6318c6318cf7be913d63aafbc6318c6318c6,lock_fee,1538292
0d906318c6318c61e603c64c6318c6318cf7be913d63aafbc6318c6318c6,mint_FungibleResourceManager,1333830
0d906318c6318c61e603c64c6318c6318cf7be913d63aafbc6318c6318c6,mint_NonFungibleResourceManager,3272724
0d906318c6318c61e603c64c6318c6318cf7be913d63aafbc6318c6318c6,mint_ruid_NonFungibleResourceManager,3195305
0d906318c6318c61e603c64c6318c6318cf7be913d63aafbc6318c6318c6,mint_single_ruid,5445960
0d906318c6318c61e603c64c6318c6318cf7be913d63aafbc6318c6318c6,non_fungible_exists,1626436
0d906318c6318c61e603c64c6318c6318cf7be913d63aafbc6318c6318c6,on_drop_FungibleProof,482524
0d906318c6318c61e603c64c6318c6318cf7be913d63aafbc6318c6318c6,on_drop_NonFungibleProof,497158
0d906318c6318c61e603c64c6318c6318cf7be913d63aafbc6318c6318c6,on_move_FungibleProof,137544
0d906318c6318c61e603c64c6318c6318cf7be913d63aafbc6318c6318c6,on_move_NonFungibleProof,145445
0d906318c6318c61e603c64c6318c6318cf7be913d63aafbc6318c6318c6,package_burn_FungibleResourceManager,2105572
0d906318c6318c61e603c64c6318c6318cf7be913d63aafbc6318c6318c6,package_burn_NonFungibleResourceManager,4744153
0d906318c6318c61e603c64c6318c6318cf7be913d63aafbc6318c6318c6,put_FungibleBucket,549628
0d906318c6318c61e603c64c6318c6318cf7be913d63aafbc6318c6318c6,put_FungibleVault,834836
0d906318c6318c61e603c64c6318c6318cf7be913d63aafbc6318c6318c6,put_NonFungibleBucket,629460
0d906318c6318c61e603c64c6318c6318cf7be913d63aafbc6318c6318c6,put_NonFungibleVault,1202060
0d906318c6318c61e603c64c6318c6318cf7be913d63aafbc6318c6318c6,recall_FungibleVault,1435526
0d906318c6318c61e603c64c6318c6318cf7be913d63aafbc6318c6318c6,recall_NonFungibleVault,2201573
0d906318c6318c61e603c64c6318c6318cf7be913d63aafbc6318c6318c6,recall_non_fungibles,1952150
0d906318c6318c61e603c64c6318c6318cf7be913d63aafbc6318c6318c6,take_FungibleBucket,675072
0d906318c6318c61e603c64c6318c6318cf7be913d63aafbc6318c6318c6,take_FungibleVault,1443559
0d906318c6318c61e603c64c6318c6318cf7be913d63aafbc6318c6318c6,take_NonFungibleBucket,768897
0d906318c6318c61e603c64c6318c6318cf7be913d63aafbc6318c6318c6,take_NonFungibleVault,2201068
0d906318c6318c61e603c64c6318c6318cf7be913d63aafbc6318c6318c6,take_advanced_FungibleBucket,791375
0d906318c6318c61e603c64c6318c6318cf7be913d63aafbc6318c6318c6,take_advanced_FungibleVault,1515282
0d906318c6318c61e603c64c6318c6318cf7be913d63aafbc6318c6318c6,take_advanced_NonFungibleBucket,784700
0d906318c6318c61e603c64c6318c6318cf7be913d63aafbc6318c6318c6,take_advanced_NonFungibleVault,1207567
0d906318c6318c61e603c64c6318c6318cf7be913d63aafbc6318c6318c6,take_non_fungibles,2195130
0d906318c6318c61e603c64c6318c6318cf7be913d63aafbc6318c6318c6,take_non_fungibles_NonFungibleBucket,783798
0d906318c6318c61e603c64c6318c6318cf7be913d63aafbc6318c6318c6,unfreeze_FungibleVault,589515
0d906318c6318c61e603c64c6318c6318cf7be913d63aafbc6318c6318c6,unfreeze_NonFungibleVault,1151850
0d906318c6318c61e603c64c6318c6318cf7be913d63aafbc6318c6318c6,unlock_amount_FungibleBucket,557554
0d906318c6318c61e603c64c6318c6318cf7be913d63aafbc6318c6318c6,unlock_amount_FungibleVault,791276
0d906318c6318c61e603c64c6318c6318cf7be913d63aafbc6318c6318c6,unlock_fungibles_NonFungibleBucket,623232
0d906318c6318c61e603c64c6318c6318cf7be913d63aafbc6318c6318c6,unlock_fungibles_NonFungibleVault,868618
0d906318c6318c61e603c64c6318c6318cf7be913d63aafbc6318c6318c6,unlock_non_fungibles_NonFungibleBucket,629056
0d906318c6318c61e603c64c6318c6318cf7be913d63aafbc6318c6318c6,unlock_non_fungibles_NonFungibleVault,1169729
0d906318c6318c61e603c64c6318c6318cf7be913d63aafbc6318c6318c6,update_non_fungible_data,1805510
0d906318c6318c659963ed8c6318c6318cf7be85a17d48bca6318c6318c6,create,3072615
0d906318c6318c659a6130cc6318c6318cf7a8ba5295eabf46318c6318c6,run,2056162
0d906318c6318c66cd64318c6318c6318cf79e9a7f8f179ca6318c6318c6,create,2237763
0d906318c6318c66cd64318c6318c6318cf79e9a7f8f179ca6318c6318c6,create_advanced,1709496
0d906318c6318c66cd64318c6318c6318cf79e9a7f8f179ca6318c6318c6,on_virtualize,1298374
0d906318c6318c66cd64318c6318c6318cf79e9a7f8f179ca6318c6318c6,securify,1541235
0d906318c6318c6c4d63f8cc6318c6318cf7bf553d3ca51686318c6318c6,cancel_primary_role_badge_withdraw_attempt,1811099
0d906318c6318c6c4d63f8cc6318c6318cf7bf553d3ca51686318c6318c6,cancel_primary_role_recovery_proposal,1814923
0d906318c6318c6c4d63f8cc6318c6318cf7bf553d3ca51686318c6318c6,cancel_recovery_role_badge_withdraw_attempt,1813805
0d906318c6318c6c4d63f8cc6318c6318cf7bf553d3ca51686318c6318c6,cancel_recovery_role_recovery_proposal,1758232
0d906318c6318c6c4d63f8cc6318c6318cf7bf553d3ca51686318c6318c6,create,3641848
0d906318c6318c6c4d63f8cc6318c6318cf7bf553d3ca51686318c6318c6,create_proof,2103127
0d906318c6318c6c4d63f8cc6318c6318cf7bf553d3ca51686318c6318c6,initiate_badge_withdraw_attempt_as_primary,1810858
0d906318c6318c6c4d63f8cc6318c6318cf7bf553d3ca51686318c6318c6,initiate_badge_withdraw_attempt_as_recovery,1744854
0d906318c6318c6c4d63f8cc6318c6318cf7bf553d3ca51686318c6318c6,initiate_recovery_as_primary,2130817
0d906318c6318c6c4d63f8cc6318c6318cf7bf553d3ca51686318c6318c6,initiate_recovery_as_recovery,2429432
0d906318c6318c6c4d63f8cc6318c6318cf7bf553d3ca51686318c6318c6,lock_primary_role,1766602
0d906318c6318c6c4d63f8cc6318c6318cf7bf553d3ca51686318c6318c6,mint_recovery_badges,1966640
0d906318c6318c6c4d63f8cc6318c6318cf7bf553d3ca51686318c6318c6,quick_confirm_primary_role_badge_withdraw_attempt,3457200
0d906318c6318c6c4d63f8cc6318c6318cf7bf553d3ca51686318c6318c6,quick_confirm_primary_role_recovery_proposal,2875470
0d906318c6318c6c4d63f8cc6318c6318cf7bf553d3ca51686318c6318c6,quick_confirm_recovery_role_badge_withdraw_attempt,3363350
0d906318c6318c6c4d63f8cc6318c6318cf7bf553d3ca51686318c6318c6,quick_confirm_recovery_role_recovery_proposal,2898995
0d906318c6318c6c4d63f8cc6318c6318cf7bf553d3ca51686318c6318c6,stop_timed_recovery,2001964
0d906318c6318c6c4d63f8cc6318c6318cf7bf553d3ca51686318c6318c6,timed_confirm_recovery,3300795
0d906318c6318c6c4d63f8cc6318c6318cf7bf553d3ca51686318c6318c6,unlock_primary_role,1820930
0d906318c6318c6c4d63f8cc6318c6318cf7bf553d3ca51686318c6318c6,contribute_recovery_fee,2427513
0d906318c6318c6c4d63f8cc6318c6318cf7bf553d3ca51686318c6318c6,lock_recovery_fee,1682991
0d906318c6318c6c4d63f8cc6318c6318cf7bf553d3ca51686318c6318c6,withdraw_recovery_fee,1779626
0d906318c6318c6c4e1b40cc6318c6318cf7bfd5d45f48c686318c6318c6,accepts_delegated_stake,516276
0d906318c6318c6c4e1b40cc6318c6318cf7bfd5d45f48c686318c6318c6,apply_emission,3752864
0d906318c6318c6c4e1b40cc6318c6318cf7bfd5d45f48c686318c6318c6,apply_reward,3093514
0d906318c6318c6c4e1b40cc6318c6318cf7bfd5d45f48c686318c6318c6,claim_xrd,3953765
0d906318c6318c6c4e1b40cc6318c6318cf7bfd5d45f48c686318c6318c6,compare_current_time,524332
0d906318c6318c6c4e1b40cc6318c6318cf7bfd5d45f48c686318c6318c6,create,2556259
0d906318c6318c6c4e1b40cc6318c6318cf7bfd5d45f48c686318c6318c6,create_validator,3443433
0d906318c6318c6c4e1b40cc6318c6318cf7bfd5d45f48c686318c6318c6,finish_unlock_owner_stake_units,2478046
0d906318c6318c6c4e1b40cc6318c6318cf7bfd5d45f48c686318c6318c6,get_current_epoch,454342
0d906318c6318c6c4e1b40cc6318c6318cf7bfd5d45f48c686318c6318c6,get_current_time,1127386
0d906318c6318c6c4e1b40cc6318c6318cf7bfd5d45f48c686318c6318c6,get_protocol_update_readiness,482804
0d906318c6318c6c4e1b40cc6318c6318cf7bfd5d45f48c686318c6318c6,get_redemption_value,2478534
0d906318c6318c6c4e1b40cc6318c6318cf7bfd5d45f48c686318c6318c6,lock_owner_stake_units,1931846
0d906318c6318c6c4e1b40cc6318c6318cf7bfd5d45f48c686318c6318c6,next_round,5102168
0d906318c6318c6c4e1b40cc6318c6318cf7bfd5d45f48c686318c6318c6,register,1179943
0d906318c6318c6c4e1b40cc6318c6318cf7bfd5d45f48c686318c6318c6,signal_protocol_update_readiness,932761
0d906318c6318c6c4e1b40cc6318c6318cf7bfd5d45f48c686318c6318c6,stake,2665500
0d906318c6318c6c4e1b40cc6318c6318cf7bfd5d45f48c686318c6318c6,stake_as_owner,4156866
0d906318c6318c6c4e1b40cc6318c6318cf7bfd5d45f48c686318c6318c6,start,2027866
0d906318c6318c6c4e1b40cc6318c6318cf7bfd5d45f48c686318c6318c6,start_unlock_owner_stake_units,2871962
0d906318c6318c6c4e1b40cc6318c6318cf7bfd5d45f48c686318c6318c6,total_stake_unit_supply,1827064
0d906318c6318c6c4e1b40cc6318c6318cf7bfd5d45f48c686318c6318c6,total_stake_xrd_amount,1740548
0d906318c6318c6c4e1b40cc6318c6318cf7bfd5d45f48c686318c6318c6,unregister,2511441
0d906318c6318c6c4e1b40cc6318c6318cf7bfd5d45f48c686318c6318c6,unstake,6254572
0d906318c6318c6c4e1b40cc6318c6318cf7bfd5d45f48c686318c6318c6,update_accept_delegated_stake,965146
0d906318c6318c6c4e1b40cc6318c6318cf7bfd5d45f48c686318c6318c6,update_fee,2134080
0d906318c6318c6c4e1b40cc6318c6318cf7bfd5d45f48c686318c6318c6,update_key,2758790
0d906318c6318c6dadbd5f4c6318c6318cf7d155d53de568a6318c6318c6,create,360445
0d906318c6318c6dadbd5f4c6318c6318cf7d155d53de568a6318c6318c6,create_with_data,934040
0d906318c6318c6dadbd5f4c6318c6318cf7d155d53de568a6318c6318c6,get,444459
0d906318c6318c6dadbd5f4c6318c6318cf7d155d53de568a6318c6318c6,lock,858350
0d906318c6318c6dadbd5f4c6318c6318cf7d155d53de568a6318c6318c6,remove,1047492
0d906318c6318c6dadbd5f4c6318c6318cf7d155d53de568a6318c6318c6,set,709621
0d906318c6318c6e8f9fcc0c6318c6318cf7aa2fad74a29e26318c6318c6,create,836157
0d906318c6318c6e8f9fcc0c6318c6318cf7aa2fad74a29e26318c6318c6,get,698257
0d906318c6318c6e8f9fcc0c6318c6318cf7aa2fad74a29e26318c6318c6,get_owner_role,698257
0d906318c6318c6e8f9fcc0c6318c6318cf7aa2fad74a29e26318c6318c6,lock_owner,610324
0d906318c6318c6e8f9fcc0c6318c6318cf7aa2fad74a29e26318c6318c6,set,925129
0d906318c6318c6e8f9fcc0c6318c6318cf7aa2fad74a29e26318c6318c6,set_owner,548852
0d906318c6318c6ee313598c6318c6318cf7bcaa2e954a9626318c6318c6,balance,1552342
0d906318c6318c6ee313598c6318c6318cf7bcaa2e954a9626318c6318c6,non_fungible_local_ids,1614033
0d906318c6318c6ee313598c6318c6318cf7bcaa2e954a9626318c6318c6,has_non_fungible,1804839
0d906318c6318c6ee313598c6318c6318cf7bcaa2e954a9626318c6318c6,add_authorized_depositor,1402247
0d906318c6318c6ee313598c6318c6318cf7bcaa2e954a9626318c6318c6,burn,2365243
0d906318c6318c6ee313598c6318c6318cf7bcaa2e954a9626318c6318c6,burn_non_fungibles,2415793
0d906318c6318c6ee313598c6318c6318cf7bcaa2e954a9626318c6318c6,create,3330846
0d906318c6318c6ee313598c6318c6318cf7bcaa2e954a9626318c6318c6,create_advanced,2781443
0d906318c6318c6ee313598c6318c6318cf7bcaa2e954a9626318c6318c6,create_proof_of_amount,2126472
0d906318c6318c6ee313598c6318c6318cf7bcaa2e954a9626318c6318c6,create_proof_of_non_fungibles,2348760
0d906318c6318c6ee313598c6318c6318cf7bcaa2e954a9626318c6318c6,deposit,2302052
0d906318c6318c6ee313598c6318c6318cf7bcaa2e954a9626318c6318c6,deposit_batch,3764874
0d906318c6318c6ee313598c6318c6318cf7bcaa2e954a9626318c6318c6,lock_contingent_fee,1269023
0d906318c6318c6ee313598c6318c6318cf7bcaa2e954a9626318c6318c6,lock_fee,2407361
0d906318c6318c6ee313598c6318c6318cf7bcaa2e954a9626318c6318c6,lock_fee_and_withdraw,3215332
0d906318c6318c6ee313598c6318c6318cf7bcaa2e954a9626318c6318c6,lock_fee_and_withdraw_non_fungibles,3334804
0d906318c6318c6ee313598c6318c6318cf7bcaa2e954a9626318c6318c6,on_virtualize,1173706
0d906318c6318c6ee313598c6318c6318cf7bcaa2e954a9626318c6318c6,remove_authorized_depositor,2124386
0d906318c6318c6ee313598c6318c6318cf7bcaa2e954a9626318c6318c6,remove_resource_preference,2063225
0d906318c6318c6ee313598c6318c6318cf7bcaa2e954a9626318c6318c6,securify,2728986
0d906318c6318c6ee313598c6318c6318cf7bcaa2e954a9626318c6318c6,set_default_deposit_rule,2031218
0d906318c6318c6ee313598c6318c6318cf7bcaa2e954a9626318c6318c6,set_resource_preference,2244942
0d906318c6318c6ee313598c6318c6318cf7bcaa2e954a9626318c6318c6,try_deposit_batch_or_abort,4122753
0d906318c6318c6ee313598c6318c6318cf7bcaa2e954a9626318c6318c6,try_deposit_batch_or_refund,3316104
0d906318c6318c6ee313598c6318c6318cf7bcaa2e954a9626318c6318c6,try_deposit_or_abort,3331622
0d906318c6318c6ee313598c6318c6318cf7bcaa2e954a9626318c6318c6,try_deposit_or_refund,2995904
0d906318c6318c6ee313598c6318c6318cf7bcaa2e954a9626318c6318c6,withdraw,1966952
0d906318c6318c6ee313598c6318c6318cf7bcaa2e954a9626318c6318c6,withdraw_non_fungibles,2773858
0df9d3c03be9ba17029a82dbce606c12ec5520c2910b829eef067699670f,panic,1552804
0d906318c6318c6fe2d9198c6318c6318cf7bd4f3bf55557c6318c6318c6,airdrop_account_locker,4101958
0d906318c6318c6fe2d9198c6318c6318cf7bd4f3bf55557c6318c6318c6,claim_account_locker,2371035
0d906318c6318c6fe2d9198c6318c6318cf7bd4f3bf55557c6318c6318c6,claim_non_fungibles_account_locker,2526964
0d906318c6318c6fe2d9198c6318c6318cf7bd4f3bf55557c6318c6318c6,get_amount_account_locker,1327103
0d906318c6318c6fe2d9198c6318c6318cf7bd4f3bf55557c6318c6318c6,get_non_fungible_local_ids_account_locker,1392734
0d906318c6318c6fe2d9198c6318c6318cf7bd4f3bf55557c6318c6318c6,instantiate_account_locker,1669474
0d906318c6318c6fe2d9198c6318c6318cf7bd4f3bf55557c6318c6318c6,instantiate_simple_account_locker,1703300
0d906318c6318c6fe2d9198c6318c6318cf7bd4f3bf55557c6318c6318c6,recover_account_locker,1913283
0d906318c6318c6fe2d9198c6318c6318cf7bd4f3bf55557c6318c6318c6,recover_non_fungibles_account_locker,2209094
0d906318c6318c6fe2d9198c6318c6318cf7bd4f3bf55557c6318c6318c6,store_account_locker,2126924